T,S_ref,D,A,F,r_eff,q_eff,carry_eff,rmse_w,n,n_used
0.0027397260273972603,3990.4,0.9994522048890788,3972.208878625836,3974.3860278608117,0.20000000000001739,1.6677375353579496,-1.4677375353579323,66.97852845339635,874,15
0.005479452054794521,3990.4,0.9989047098576412,3980.365658283364,3984.730093875146,0.200000000000009,0.4594962163486935,-0.25949621634868447,63.119436534414184,839,15
0.00821917808219178,4016.84,0.9983575147413052,3984.005656422687,3990.5600925486337,0.1999999999999994,0.9986113302578583,-0.7986113302578589,63.96375164460066,718,15
0.010958904109589041,3998.71,0.9978106193757785,3949.5067722235126,3958.172718881554,0.19999999999999934,1.1297759024888079,-0.9297759024888086,75.70273347532387,718,15
0.0136986301369863,3971.98,0.9972640235968593,3958.171930018749,3969.0311054666377,0.2000000000000001,0.25421710358332916,-0.05421710358332907,72.31729102278219,863,15
0.01643835616438356,3990.4,0.9967177272404354,3962.522236905557,3975.5711457810653,0.19999999999999993,0.42648579994591806,-0.22648579994591814,71.76377160843633,1185,15
0.019178082191780823,3998.71,0.9961717301424846,3945.128360182193,3960.2894167835025,0.20000000000000237,0.7034237191648783,-0.5034237191648759,75.22760947082,1435,15
0.021917808219178082,3990.4,0.9956260321390747,3945.0130523477815,3962.344218613922,0.2000000000000007,0.5219141219279144,-0.3219141219279137,84.97961784157938,1184,15
0.024657534246575342,3990.4,0.9950806330663632,3949.329719128186,3968.8539681033067,0.19999999999999943,0.41957169140492795,-0.21957169140492852,61.9412578786202,923,15
0.0273972602739726,4016.84,0.9945355327605971,3974.0254860308446,3995.8607361165696,0.199999999999999,0.3911327795096868,-0.19113277950968777,54.86086786721832,826,15
0.030136986301369864,3982.87,0.9939907310581135,3971.403171339066,3995.412680671042,0.1999999999999995,0.09566945442550692,0.10433054557449259,58.87603874744324,845,15
0.03287671232876712,3971.98,0.993446227795339,3959.264215813521,3985.3835114960784,0.19999999999999954,0.09753125483718104,0.1024687451628185,61.95909908736997,907,15
0.03561643835616438,3982.87,0.9929020228087896,3953.6541838202147,3981.917745152584,0.20000000000000134,0.20671364688762656,-0.006713646887625213,79.02044733703947,1295,15
0.038356164383561646,3990.4,0.9923581159350713,3940.3446800179277,3970.6882190458546,0.19999999999999982,0.3291068068172889,-0.12910680681728906,67.24629708031856,1519,15
0.0410958904109589,3982.87,0.9918145070108791,3942.5299288567567,3975.0678186173286,0.19999999999999996,0.24771415546849032,-0.047714155468490366,63.169840363696395,1161,15
0.043835616438356165,3969.31,0.991271195872998,3931.6525808847805,3966.2734045472107,0.1999999999999996,0.21745866273880612,-0.01745866273880653,57.23171412377028,922,15
0.04657534246575343,3998.71,0.9907281823583017,3961.1446323920186,3998.2153560656975,0.2000000000000005,0.20265609488076214,-0.002656094880761628,51.491792640530484,933,15
0.049315068493150684,3998.71,0.9901854663037541,3932.6619597721065,3971.6417717705663,0.19999999999999904,0.3377318449188799,-0.13773184491888088,81.50087709433657,899,15
0.052054794520547946,3971.98,0.9896430475464078,3928.108071578728,3969.2170639884434,0.19999999999999987,0.21336762119687125,-0.013367621196871377,79.43069543045007,968,15
0.0547945205479452,3971.98,0.9891009259234047,3922.4842893329974,3965.7068217493024,0.2000000000000005,0.2288460679997181,-0.02884606799971759,70.33261910411359,1174,15
0.057534246575342465,3971.98,0.9885591012719763,3931.0191213906674,3976.5140155329464,0.20000000000000004,0.18017095654447368,0.019829043455526357,74.26477486766609,1408,15
0.06027397260273973,3982.87,0.988017573429443,3929.187001309184,3976.8391848242545,0.1999999999999998,0.22514079927991348,-0.025140799279913695,76.69803594492265,1112,15
0.06301369863013699,3990.4,0.9874763422332141,3920.1662226651893,3969.8836873393734,0.20000000000000034,0.28180253254662824,-0.08180253254662789,71.84201465893617,823,15
0.06575342465753424,3998.71,0.9869354075207885,3937.6356491042006,3989.7602407392196,0.20000000000000082,0.23407685700410297,-0.03407685700410215,56.789669528652354,779,15
0.0684931506849315,3982.87,0.9863947691297537,3907.5883685164704,3961.4852904825707,0.20000000000000015,0.2786010951508707,-0.07860109515087058,64.90800128986086,803,15
0.07123287671232877,3928.85,0.9858544268977862,3901.026685017637,3957.0007280822374,0.19999999999999957,0.09977122170067004,0.10022877829932952,74.64273701859138,809,15
0.07397260273972603,3969.31,0.9853143806626516,3913.6508135167987,3971.981826637665,0.20000000000000004,0.1909034600337317,0.00909653996626833,80.03088415619236,993,15
0.07671232876712329,3990.4,0.9847746302622044,3916.3229350115234,3976.8722859653385,0.20000000000000015,0.24426699081585213,-0.044266990815851975,74.48104859143287,1024,15
0.07945205479452055,3982.87,0.9842351755343876,3906.9657691601988,3969.544948481366,0.20000000000000015,0.2421788886432754,-0.042178888643275236,84.14939039481452,780,15
0.0821917808219178,3969.31,0.9836960163172332,3914.366142158801,3979.2436659583386,0.1999999999999998,0.16958952018331866,0.03041047981668113,52.924958688089156,608,15
0.08493150684931507,3994.5550000000003,0.983157152448862,3948.274267406,4015.913689456036,0.20000000000000018,0.13721167903949147,0.06278832096050871,57.147467014732676,609,15
0.08767123287671233,4018.18,0.9826185837674835,3921.852658021156,3991.2258151929905,0.19999999999999962,0.2767715703767355,-0.07677157037673588,80.19256225262328,608,15
0.09041095890410959,4016.22,0.9820803101113954,3929.6831278447694,4001.386737301589,0.19999999999999937,0.240926193529991,-0.040926193529991634,71.09802671447818,393,15
0.09315068493150686,4016.22,0.9815423313189844,3942.873017151015,4017.0178008039975,0.2000000000000004,0.19786770253321562,0.0021322974667847827,53.64423721982863,307,15
0.0958904109589041,3998.71,0.9810046472287257,3934.8285777418937,4011.0193044013895,0.20000000000000043,0.16794684155605824,0.03205315844394219,46.08720897339173,517,15
0.09863013698630137,3982.87,0.980467257679183,3879.2614089854656,3956.5435547209186,0.1999999999999998,0.26723969723549995,-0.06723969723550016,79.87171404585683,408,15
0.10136986301369863,3969.31,0.979930162509008,3878.0799731443053,3957.506485171239,0.20000000000000046,0.22937879664429808,-0.029378796644297628,51.933142715353604,309,15
0.10410958904109589,3990.4,0.9793933615569415,3919.7744925343286,4002.2473567750794,0.20000000000000004,0.17152456306054062,0.02847543693945942,57.171225315150465,412,15
0.10684931506849316,3971.98,0.9788568546618119,3902.865691066556,3987.166941191793,0.20000000000000018,0.16428402019609928,0.0357159798039009,64.85809405124722,435,15
0.1095890410958904,3899.16,0.9854252951837017,3854.277321219022,3911.2831181185707,0.13397287803350724,0.10564579338593164,0.028327084647575607,0.4033524906538301,107,15
0.11232876712328767,3928.85,1.000668680573309,3941.880764430133,3939.2466667106314,-0.005950898627187398,-0.029477743615746652,0.023526844988559253,0.2548515538467382,112,15
0.11506849315068493,3990.4,0.9772490967076576,3899.896906544593,3990.6886787445565,0.1999999999999997,0.19937132492612503,0.0006286750738746794,39.97081277411228,371,15
0.1178082191780822,3899.16,0.976713764430329,3850.6829340475915,3942.4886535652677,0.20000000000000023,0.10619485952036374,0.09380514047963649,96.09375033763658,282,15
0.12054794520547946,3928.85,0.9761787254054047,3842.3302540230106,3936.093006357314,0.19999999999999965,0.1847210470700881,0.015278952929911549,63.67520017696866,281,15
0.12317808219178082,4077.16,0.9965670835430588,4075.4606332656654,4089.4995435493697,0.02791748640514936,0.003384437065337969,0.024533049339811392,0.11650542342661471,113,15
0.1232876712328767,3955.09,0.9756439794722424,3876.2464826498904,3973.013275546146,0.20000000000000037,0.16332592499177345,0.03667407500822692,34.19268359386114,112,15
0.12591780821917808,4018.18,0.9924569289491019,4002.07708404312,4032.4944763908907,0.06013179544947938,0.03189037751807431,0.02824141793140507,0.08446359689777126,114,15
0.12602739726027398,3998.71,0.9751095264702878,3880.983422487009,3980.048719794007,0.2000000000000004,0.2371169192697415,-0.03711691926974109,47.009479312637104,143,15
0.12876712328767123,3982.87,0.9969653114952801,3985.7910064765606,3997.9234588398517,0.023603093952523826,-0.005693406457221431,0.029296500409745255,0.20442778505414963,106,15
0.13150684931506848,3969.31,0.9945001351210778,3960.7040356253638,3982.6078406144793,0.041937319983634445,0.016504690364773603,0.025432629618860843,0.21040988746613393,122,15
0.13413698630136986,4070.02,0.9928729291477659,4054.549237084307,4083.653726529271,0.05332302403070868,0.028391828473057545,0.024931195557651137,0.26129942205836515,111,15
0.13424657534246576,3919.78,0.9735079234474475,3834.054947523246,3938.3911062026586,0.20000000000000007,0.16471596059164736,0.0352840394083527,30.25974332199058,210,15
0.13687671232876714,4060.18,0.9826927521978892,4003.107806024193,4073.6107975466875,0.12755105481704856,0.10342370451504891,0.024127350301999653,0.3401357228665088,111,15
0.136986301369863,3892.52,0.97297464056654,3788.4000422194213,3893.6267033779277,0.19999999999999998,0.1979247925781382,0.002075207421861791,51.48220204855118,212,15
0.13961643835616439,4016.22,0.9992364570924913,4028.3627747022915,4031.4409528488795,0.005470950010286224,-0.021622613381690668,0.02709356339197689,0.4599492952099088,115,15
0.13972602739726028,3969.31,0.9724416498153874,3829.0716995789844,3937.585047191173,0.20000000000000037,0.25743148224714757,-0.0574314822471472,56.38883020916167,81,15
0.14235616438356163,4016.84,1.0031132164918417,4047.524522029812,4034.962809268031,-0.02183523615783965,-0.05345705457746375,0.031621818419624095,0.28512635653950846,111,15
0.1450958904109589,4019.36,0.992745108958671,4006.666060948608,4035.9464124193532,0.05018292194652188,0.021800732647794398,0.028382189298727482,0.1698538749082121,110,15
0.14520547945205478,3894.2,0.9904994007064734,3872.950341863306,3910.098622069762,0.06574144392592701,0.03768237872456592,0.028059065201361096,0.3494918160727599,123,15
0.14794520547945206,3808.19,0.9987238956526933,3818.2480692275644,3823.1267779291848,0.008631028343718547,-0.017828804575901726,0.02645983291962027,0.30949502195003353,122,15
0.1506849315068493,3853.39,0.9952678963769283,3848.19276415799,3866.489392621382,0.0314784990477466,0.008956795828419281,0.022521703219327317,0.7093088229639962,123,15
0.15331506849315069,3971.98,0.9839524666059004,3922.9291696163546,3986.909228601582,0.10551923924039895,0.08104943068498965,0.024469808555409298,0.5022685999339586,112,15
0.15605479452054793,3899.16,0.9931348286412832,3890.326312073281,3917.218689627139,0.04414375784049707,0.014534038282043348,0.029609719558453727,0.457442514781567,115,15
0.1587945205479452,3928.85,0.9936324420433394,3920.139136138813,3945.2608130198582,0.0402275677026554,0.013977907430885396,0.026249660271770003,0.17079081178064034,115,15
0.16153424657534246,4077.16,0.96820944208878,3935.437443282376,4064.655096517346,0.1999999999999999,0.21901624813250742,-0.01901624813250752,39.49423031452,211,15
0.16427397260273974,4018.18,0.9927495345576491,4008.823422296043,4038.101537949651,0.04429720482827196,0.014191392545144187,0.03010581228312777,0.04857191288489036,119,15
0.1724931506849315,4070.02,0.9660896630960826,3913.159274723308,4050.513553972396,0.19999999999999973,0.22785175468546554,-0.0278517546854658,33.935074268235354,211,15
0.17523287671232876,4060.18,0.9655604439019271,3898.586926080338,4037.6415072740087,0.1999999999999999,0.23176670688082618,-0.03176670688082628,36.243603167661895,218,15
0.177972602739726,4016.22,0.9650315146114588,3868.891547183249,4009.0831113851686,0.19999999999999998,0.20999365684129745,-0.009993656841297466,22.4816353914908,229,15
0.18071232876712326,4016.84,0.9645028750658697,3849.805996407987,3991.4925045143787,0.20000000000000023,0.23502971638700285,-0.03502971638700261,48.1280430585533,220,15
0.18345205479452054,4019.36,0.9639745251064393,3850.912360451754,3994.8279338881357,0.19999999999999993,0.23337208764779965,-0.033372087647799725,59.07951116550254,217,15
0.1916712328767123,3971.98,0.9623912111591947,3808.6268092796754,3957.4621683132436,0.19999999999999987,0.2191043675804154,-0.019104367580415532,36.53239417107051,231,15
0.19441095890410956,3899.16,0.9618640179589282,3730.0413741420066,3877.930044682553,0.20000000000000004,0.2280829214263154,-0.028082921426315355,45.01917614703634,222,15
0.19715068493150684,3928.85,0.9613371135525193,3757.209392799458,3908.316177365804,0.20000000000000026,0.2265792945532336,-0.02657929455323335,38.12189256268334,236,15
0.19989041095890409,3990.4,0.9894430578539924,3972.2265935421983,4014.6085841034437,0.05309440271541882,0.022835933981671535,0.030258468733747285,0.18118684611730843,109,15
0.21084931506849314,3998.71,0.9895114750784926,3982.050623224282,4024.259165775119,0.05000688362665749,0.019800351394999045,0.030206532231658447,0.18471943366441967,112,15
0.2135890410958904,3982.87,0.9832107848244216,3941.985752063055,4009.298731163736,0.07927256753532841,0.048308052549479806,0.030964514985848603,0.29591526943935803,119,15
0.21632876712328766,3969.31,0.9906903343795279,3956.961670405851,3994.1458325462586,0.04323637364412611,0.014403078614321529,0.028833295029804577,0.26926482551722425,121,15
0.2190684931506849,3919.78,0.9571322559143259,3840.720377112599,4012.7373760313294,0.20000000000000015,0.09301010051114213,0.10698989948885802,75.03631647375768,239,15
0.22180821917808216,3892.52,0.9566079435440312,3809.3426705697007,3982.1357289349776,0.19999999999999984,0.09738194569345843,0.10261805430654142,60.529995067778025,234,15
0.23002739726027396,3894.2,0.9550367290984098,3812.0595579380606,3991.5318875084386,0.19999999999999996,0.09267877426830003,0.10732122573169993,82.77655934737402,238,15
0.2327671232876712,3808.19,0.9545135646474595,3756.11047801346,3935.1043475225456,0.2000000000000001,0.05915799358970644,0.14084200641029365,118.90257646989943,238,15
0.2355068493150685,3853.39,0.9539906867834378,3785.5524065928344,3968.1230215742976,0.19999999999999982,0.07541800971836639,0.12458199028163343,80.17728495680417,240,15
0.23824657534246574,4077.16,0.9534680953493535,3891.022981677769,4080.9157649392423,0.19999999999999993,0.19613531564729583,0.0038646843527040953,27.541655804574667,213,15
0.240986301369863,4019.36,0.9819497732101007,3977.1523732513433,4050.2604937211804,0.07558570456533645,0.043805837961697854,0.031779866603638594,0.2131782126550354,223,15
0.2492054794520548,4070.02,0.9513805907755822,3866.764778056328,4064.3721509013267,0.2000000000000001,0.2055722482604518,-0.005572248260451718,46.57360632450128,192,15
0.25194520547945204,4060.18,0.9508594291393302,3829.870914325937,4027.7992697538293,0.1999999999999998,0.23178138556713918,-0.031781385567139386,74.42256253917748,186,15
0.2546849315068493,3928.85,0.9503385529928744,3803.3680412976782,4002.119065168764,0.19999999999999984,0.12745065508215098,0.07254934491784887,42.17591239337414,204,15
0.25742465753424654,3990.4,0.949817962179825,3828.8750366954237,4031.1672227256945,0.20000000000000023,0.16051469564959034,0.039485304350409894,11.834231720379861,197,15
0.26016438356164384,4019.36,0.9892691050815533,4009.7591108505085,4053.2541552684515,0.041469497332372596,0.00919233654053685,0.03227716079183575,0.20971049591884688,97,15
0.2683835616438356,3998.71,0.947738449136891,3807.0632907458817,4016.9978269985654,0.19999999999999993,0.18299819373380058,0.01700180626619935,13.958540643028568,165,15
0.27112328767123284,3982.87,0.9472192826480218,3760.580272446906,3970.1263913609578,0.2,0.21182020981180494,-0.011820209811804927,39.727651318280635,161,15
0.27386301369863014,3969.31,0.946700400556017,3773.10888773857,3985.5363803823725,0.19999999999999993,0.18510340294850547,0.014896597051494459,19.068063341960222,170,15
0.2766027397260274,3919.78,0.9461818027050853,3773.4853904922225,3988.118752341274,0.19999999999999996,0.1375129136013755,0.062487086398624464,34.02613137206393,178,15
0.27934246575342464,3892.52,0.984106325550972,3866.454923215119,3928.899573986993,0.05735373353425133,0.024051896561696533,0.033301836972554795,0.12829624034977355,104,15
0.28756164383561644,3894.2,0.9441102505992519,3753.9549739354297,3976.182836223518,0.19999999999999982,0.12754942653182533,0.07245057346817449,49.549529587407335,177,15
0.2903013698630137,3808.19,0.9435930716198031,3679.008754056661,3898.935743287255,0.19999999999999987,0.11887871928585622,0.08112128071414365,78.62903674825547,179,15
0.29304109589041094,3853.39,0.9430761759484707,3714.6296823070647,3938.843729745571,0.19999999999999993,0.12515066798226238,0.07484933201773755,55.44875537337744,175,15
0.2957808219178082,4077.16,0.94255956343006,3787.5739967497702,4018.3921989677174,0.19999999999999982,0.24908633153304355,-0.04908633153304373,71.7540898357375,161,15
0.29852054794520544,4018.18,0.942043233909461,3764.7431182937275,3996.359172041518,0.19999999999999998,0.21824103631598762,-0.01824103631598764,58.774433037052546,169,15
0.30673972602739724,4070.02,0.9404959417847115,3784.4294202508563,4023.8657628542414,0.1999999999999999,0.23718083890107255,-0.037180838901072655,82.56502010473665,160,15
0.3094794520547945,4060.18,0.9399807427059607,3738.87236937646,3977.6052843521206,0.20000000000000004,0.26639328268375184,-0.0663932826837518,118.65512873928199,154,15
0.31221917808219174,4016.22,0.9394658258507463,3749.4999940042835,3991.0978034872865,0.19999999999999998,0.22009751619799084,-0.020097516197990856,75.82840411849222,168,15
0.31495890410958904,4016.84,0.9822785947940377,3987.235853265247,4059.1700505306067,0.056770293553908995,0.02348656140976479,0.03328373214414421,0.3391459554640179,103,15
0.3176986301369863,4019.36,0.9862645765483407,4004.3584592917773,4060.1260092965613,0.043533795393227256,0.011769969645284562,0.031763825747942696,0.3116888874168442,103,15
0.32591780821917804,3971.98,0.9834540158375003,3944.015760392409,4010.3713004148162,0.05119204123170542,0.021678097883089498,0.02951394334861592,0.6842079115070575,76,15
0.32865753424657534,3899.16,0.9363822427620145,3784.9344138683286,4042.0826464030733,0.20000000000000004,0.09046677283229718,0.10953322716770286,81.94114093197759,142,15
0.3313972602739726,3928.85,0.9358692971474761,3767.650369232889,4025.829654543283,0.2000000000000001,0.12641987212678255,0.07358012787321755,41.79649214537319,143,15
0.33413698630136984,3990.4,0.9870702691509925,3981.608602387427,4033.7640863320935,0.03894823959800156,0.006600787996568781,0.03234745160143278,0.2197018205980465,75,15
0.33961643835616434,4070.02,0.9885899810075869,4066.0228089768943,4112.951665596224,0.03378992118929075,0.0028932303078403193,0.03089669088145043,0.33655274190288575,57,15
0.34235616438356165,4060.18,0.985359901989261,4042.1988962036403,4102.256330953981,0.04307888494545886,0.012964517434531782,0.03011436751092708,0.2845670769715024,56,15
0.3450958904109589,3998.71,0.9333087808340568,3780.7369315527076,4050.8961334040278,0.2,0.1624269213158482,0.0375730786841518,7.428220227562907,136,15
0.34783561643835614,3982.87,0.9327975188469361,3771.5722159587126,4043.2914322294578,0.20000000000000015,0.15671401788586503,0.04328598211413512,16.246411674169813,129,15
0.3505753424657534,3969.31,0.9322865369266324,3760.726606060064,4033.8741975805447,0.1999999999999999,0.15397572077570418,0.04602427922429572,23.325336573181552,141,15
0.3533150684931507,3919.78,0.9846937926463433,3903.2748479174543,3963.947855736439,0.04365666207178303,0.011942950583205686,0.031713711488577344,0.18912443325728145,76,15
0.35605479452054795,3892.52,0.9837509861411816,3874.3712065971145,3938.3657665183673,0.046011111414484544,0.01312545849074854,0.032885652923736006,0.1803232779210788,74,15
0.35879452054794525,3971.98,0.980829108647573,3937.0937648896306,4014.046616457311,0.053950198951607145,0.024587563105630657,0.02936263584597649,0.7018864178701537,64,15
0.3615342465753425,3899.16,0.9858396128989466,3887.718113830131,3943.560456449868,0.03944744418703205,0.00812858800108477,0.03131885618594728,0.28754880568764113,69,15
0.36427397260273975,3894.2,0.9297358229606354,3672.2808107298633,3949.811032381126,0.1999999999999999,0.16107470686292097,0.03892529313707893,14.549634392123997,135,15
0.367013698630137,3808.19,0.9292265182223692,3680.5541348830657,3960.8793579460544,0.20000000000000015,0.09288669549276972,0.10711330450723043,85.25326384443346,148,15
0.36975342465753425,3853.39,0.9810113271831072,3821.2807592441486,3895.2463171007817,0.0518488041951044,0.02263031544180256,0.029218488753301842,0.8013832244998731,74,15
0.37249315068493155,4077.16,0.9814596449450782,4048.593896413932,4125.0742374033,0.05024087495774799,0.018875603033022832,0.03136527192472516,0.14282888257853993,73,15
0.3752328767123288,4018.18,0.9843981327493948,4004.4102547268303,4067.8767274198613,0.04190692842839732,0.009148309183085013,0.03275861924531231,0.08812525020028751,77,15
0.37797260273972605,3998.71,0.9822752032069655,3975.065606030293,4046.794211085003,0.04731496964369489,0.015690440076320304,0.03162452956737458,0.08234736781956856,61,15
0.3807123287671233,3982.87,0.9841823875682311,3967.8411634590952,4031.6116337572785,0.041879510278940955,0.009930084779015417,0.031949425499925535,0.532934252937924,62,15
0.38345205479452055,4070.02,0.9261765433341429,3774.3615761466017,4075.2074788671257,0.20000000000000012,0.1966782105015597,0.0033217894984404195,47.24223923531453,130,15
0.38619178082191785,4060.18,0.9256691883518546,3754.4832637500103,4055.9665493834063,0.20000000000000007,0.20268853092264535,-0.002688530922645288,63.562798351557376,124,15
0.3889315068493151,4016.22,0.9251621112961451,3698.465167533541,3997.640113419711,0.20000000000000018,0.21192226988757173,-0.011922269887571557,56.88638769622991,134,15
0.39167123287671235,4016.84,0.9784052402063573,3981.9398013080504,4069.8267319870565,0.05573893841912237,0.02228000247877244,0.03345893594034993,0.2489277217641171,75,15
0.3944109589041096,4019.36,0.9785966921420757,3983.8981333370575,4071.0316776327945,0.054855677405668775,0.022468735521942493,0.03238694188372628,0.25861074005245677,73,15
0.39715068493150685,3894.2,0.9830342158211163,3876.278167459977,3943.1772618638406,0.04308528863354018,0.011614756792424503,0.03147053184111567,0.8397507418821161,67,15
0.39989041095890415,3808.19,0.9727276041557417,3750.034774277945,3855.174622635191,0.06914692088616707,0.0384827871350535,0.03066413375111357,0.3584586847339529,62,15
0.4026301369863014,3971.98,0.9226308895905591,3692.891076538063,4002.5660512806776,0.20000000000000007,0.1809478808701055,0.019052119129894574,40.456765546678625,134,15
0.40536986301369865,3899.16,0.9765768781360554,3858.2667791993254,3950.807013333564,0.05846957476851145,0.026008553125782218,0.03246102164272924,0.44622860493223854,75,15
0.4081095890410959,3928.85,0.9807721542643556,3902.6782920445817,3979.1895345681487,0.047573263565317735,0.016377226576508853,0.031196036988808882,0.1674801440013778,75,15
0.41084931506849315,4077.16,0.9211154819551901,3767.412960594422,4090.054976166058,0.2,0.1923141067921352,0.007685893207864808,39.98562008229203,185,15
0.41358904109589045,4018.18,0.9806283784384959,3995.4057576257883,4074.3321787075697,0.047297458027196225,0.013742925480579414,0.03355453254661681,0.2563692268276122,125,15
0.4218082191780822,4070.02,0.919098809566327,3758.7013559020884,4089.5508913515146,0.2000000000000001,0.18865066197146232,0.01134933802853777,33.747359096965916,186,15
0.42454794520547945,4060.18,0.9185953317319931,3748.3285905501984,4080.500369496544,0.19999999999999993,0.18824087378334423,0.011759126216655702,35.0816772365951,184,15
0.42728767123287675,4016.22,0.9180921297003554,3714.2917947049655,4045.66347379236,0.19999999999999996,0.1829051971923834,0.01709480280761655,22.29702680860136,187,15
0.430027397260274,4016.84,0.9175892033203303,3699.0453367512364,4031.2651057424223,0.19999999999999998,0.19166396170514768,0.0083360382948523,46.24014956872909,184,15
0.43276712328767125,4019.36,0.9170865524409174,3689.5820396176455,4023.1557531810436,0.20000000000000007,0.19781886869174223,0.0021811313082578387,58.87936760379367,174,15
0.44098630136986305,3971.98,0.9155802512975859,3659.0656088266023,3996.4444445376275,0.20000000000000015,0.18607583497327093,0.013924165026729218,34.41649196653674,188,15
0.4437260273972603,3899.16,0.9150787009122692,3578.162500075701,3910.2237834937305,0.20000000000000012,0.19361439155461752,0.006385608445382607,43.60648922246536,194,15
0.44646575342465755,3928.85,0.9145774252738014,3612.7026052261917,3950.133149355441,0.20000000000000015,0.18789935217459822,0.012100647825401933,36.31015302254342,192,15
0.4492054794520548,3990.4,0.9755497060007715,3951.6660974803863,4050.7070764031996,0.055106553606910816,0.02171431591450584,0.03339223769240497,0.24197172053719512,121,15
0.46016438356164385,3998.71,0.9792018935258991,3975.729862849706,4060.1737896297795,0.04567375100918708,0.012524794974379836,0.03314895603480725,0.17197900063116062,118,15
0.4629041095890411,3982.87,0.9733071022935142,3936.8236104324515,4044.7907974324507,0.05844757453878034,0.02512066061476221,0.03332691392401813,0.5144228774121241,119,15
0.46564383561643835,3969.31,0.9796744097528861,3947.946527548292,4029.8557237441014,0.044100224023422806,0.011589756724200982,0.03251046729922182,0.32429336857121055,115,15
0.46838356164383566,3919.78,0.9105770930093261,3663.18898849051,4022.9311901359147,0.1999999999999999,0.1445427614188745,0.05545723858112539,64.28686629977895,192,15
0.4711232876712329,3892.52,0.9100782833296588,3644.026711345307,4004.0805039464135,0.19999999999999998,0.14002163537197979,0.0599783646280202,57.019366195471086,187,15
0.4793424657534247,3894.2,0.9085834931650315,3639.508101426002,4005.6947201933554,0.2,0.14110940712736697,0.05889059287263304,72.57322183161908,187,15
0.48208219178082196,3808.19,0.9080857755696121,3580.70019226317,3943.1299207578877,0.1999999999999999,0.12777000680181477,0.07222999319818513,106.49962662643675,192,15
0.4848219178082192,3853.39,0.907588330621458,3620.6346851316853,3989.2918000086092,0.19999999999999993,0.1285089229833793,0.07149107701662064,76.75484237556932,187,15
0.48756164383561645,4016.84,0.982503660534093,4013.8853656033307,4085.3642859929564,0.03620303142050828,0.0015092092483381685,0.03469382217217011,0.3475372300512946,76,15
0.4903013698630137,4019.36,0.976199317724819,3989.4410057850923,4086.7074308995534,0.049129975805053745,0.015238716735238233,0.033891259069815514,0.35444297435338945,70,15
0.4985205479452055,3971.98,0.976553140577426,3941.642162522406,4036.28025832957,0.047593044679407885,0.015380072016650455,0.03221297266275743,0.6819628611365082,26,15
0.5012602739726028,3899.16,0.9767947400831141,3872.981349863635,3964.9899727491247,0.046839421084305895,0.013439246184433776,0.03340017489987212,0.4483740802399831,25,15
0.504,3928.85,0.9760595376238275,3898.168156994793,3993.7811237260244,0.048078755487723696,0.015555600671476169,0.032523154816247526,0.25514435429581606,25,15
0.5067397260273973,3990.4,0.975509925342751,3960.090397598725,4059.5080528855965,0.04893033460026581,0.015046430010661208,0.0338839045896046,0.2613114380249987,25,15
0.5176986301369864,3998.71,0.9747148426335825,3966.088285761562,4068.9729060097065,0.049469553065460185,0.01582294818436924,0.03364660488109095,0.21722110186609025,26,15
0.5204383561643836,3982.87,0.9735349190519026,3945.8650042208665,4053.131456305265,0.051536526659283266,0.017935781667485273,0.03360074499179799,0.3382064848127739,25,15
0.5231780821917809,3969.31,0.9771144376160609,3945.8493759435205,4038.267396366084,0.044251666770652634,0.01133082734924162,0.03292083942141101,0.3789869198873025,25,15
0.5259178082191781,3919.78,0.9728093852265489,3880.678749964289,3989.146084420796,0.05241716432401388,0.019062780777223204,0.03335438354679068,0.1517077767801595,25,15
0.5286575342465754,3892.52,0.9723380514224839,3853.5483926152615,3963.1776078059534,0.05306222580773656,0.019033831726531284,0.03402839408120528,0.196897615876396,25,15
0.5368767123287671,3894.2,0.9744469389736206,3862.927912093333,3964.2260215442134,0.0482144418091827,0.015018055587500427,0.03319638622168227,0.9699629277942069,25,15
0.5396164383561644,3808.19,0.9745360673278686,3777.9328339220237,3876.6475255050696,0.047800155397020795,0.01478275931616301,0.03301739608085778,0.3781490723938386,25,15
0.5423561643835617,3853.39,0.9735820334668902,3816.237748323021,3919.7906464374014,0.04936459276830392,0.017863216686047283,0.03150137608225664,0.5800360827687843,24,15
0.545095890410959,4077.16,0.9747676306649266,4046.1016249035783,4150.837079134005,0.046883794872663774,0.014028379112659644,0.03285541576000413,0.2233870514684228,26,15
0.5478356164383562,4018.18,0.9727695059634587,3981.9015853654946,4093.3659628050386,0.05039488872025634,0.016555282393713552,0.03383960632654279,0.27650236062678196,26,15
0.556054794520548,4070.02,0.9732491936975077,4034.7596533570186,4145.659384549203,0.04876339746192903,0.015648060313860897,0.033115337148068136,0.30058152317686215,26,15
0.5587945205479452,4060.18,0.9735920429557071,4025.7764954342147,4134.972676247894,0.04789400963050829,0.01522831185491866,0.032665697775589635,0.4094561682374162,26,15
0.5615342465753425,4016.22,0.9752003383688668,3989.1557472937,4090.601274776028,0.04472096580835814,0.012041198645880533,0.032679767162477606,0.4504791824078068,26,15
0.5642739726027397,4016.84,0.9740489982296004,3989.107317752992,4095.386705395173,0.04659734754924151,0.012277808682976168,0.03431953886626534,0.38238800649429433,26,15
0.567013698630137,4019.36,0.9755996775052446,3996.5626667316265,4096.519052724002,0.04356674849397267,0.010031552369922168,0.0335351961240505,0.3104953914120643,26,15
0.5752328767123288,3971.98,0.9706123608683379,3927.104425133112,4046.0070193416973,0.051853967347719195,0.019752598576308233,0.03210136877141096,0.47423016742396973,26,15
0.5779726027397261,3899.16,0.9719179528596977,3863.4100967751447,3975.0372810870913,0.04928242028709858,0.015936580814481873,0.03334583947261671,0.24981272693693896,25,15
0.5807123287671233,3928.85,0.9738820272908336,3898.690810972286,4003.24752045969,0.04557351935274,0.013269831769486241,0.032303687583253755,0.3060087405826904,25,15
0.5834520547945206,3990.4,0.9705409460925576,3949.4196207585433,4069.297268352343,0.05124960362826239,0.017692696006019113,0.03355690762224328,0.3436403480523997,25,15
0.5944109589041097,3998.71,0.9713959860377891,3962.154882750737,4078.8256691402494,0.048823260718462234,0.015450202243837582,0.033373058474624656,0.12424694882328591,26,15
0.5971506849315069,3982.87,0.9720136356494474,3949.4027701840414,4063.114575080279,0.04753481305546513,0.014130930610081076,0.03340388244538405,0.393412101299924,25,15
0.5998904109589042,3969.31,0.9723607039623194,3936.332149910385,4048.2221606344597,0.04672261505902577,0.013907394758453704,0.032815220300572066,0.37021825484671833,25,15
0.6026301369863014,3919.78,0.9689788239015473,3874.830667194911,3998.8806479723557,0.05229164450110188,0.01913871545499874,0.03315292904610314,0.1806960776898552,25,15
0.6053698630136987,3892.52,0.9689493444579728,3849.403029203654,3972.7598261155727,0.05210524422531973,0.018399799117962367,0.03370544510735736,0.13423616936240934,25,15
0.6135890410958904,3894.2,0.9776182352995769,3884.7290763568685,3973.6667505659298,0.03689120256884498,0.003968488619934834,0.03292271394891015,0.7018967013413813,25,15
0.6163287671232877,3808.19,0.9695092214386535,3767.9642647447554,3886.4656275816315,0.05024151792971188,0.01722966445585679,0.033011853473855095,0.3125069885604678,25,15
0.6190684931506849,3853.39,0.9697791343106579,3811.118575810613,3929.883043441275,0.04956952314320633,0.017817971631767248,0.03175155151143909,0.7202514898552966,24,15
0.6218082191780823,4077.16,0.9707743808969873,4040.0796387752794,4161.708135563157,0.047701516713352744,0.014693056445594512,0.033008460267758236,0.23941597220073085,26,15
0.6245479452054795,4018.18,0.9704682508902239,3982.6754378672986,4103.869893954733,0.04799726156549589,0.014210678039451472,0.03378658352604442,0.315963910520598,26,15
0.6327671232876713,4070.02,0.9698711622787437,4031.0961965403717,4156.321327328859,0.048346441484640144,0.015186575053857457,0.033159866430782683,0.2663154717564306,26,15
0.6355068493150685,4060.18,0.968203175058755,4013.7146974723796,4145.529369110785,0.05084653639047555,0.018111742829315686,0.03273479356115987,0.46181912404544173,26,15
0.6382465753424658,4016.22,0.9678076478767343,3968.8757723694316,4100.89316929528,0.05126846517706033,0.01857947757362218,0.03268898760343815,0.20235960273721018,26,15
0.640986301369863,4016.84,0.9682796742065055,3975.848749252353,4106.09543416319,0.05028861573342841,0.016002333753890523,0.03428628197953788,0.3321530510286344,26,15
0.6437260273972603,4019.36,0.9699882421528867,3983.820528530543,4107.08125666396,0.047335866118769096,0.013796856038874504,0.03353901007989459,0.1729093716585745,26,15
0.6519452054794521,3971.98,0.969687941992799,3933.458858661664,4056.4172125086347,0.04721404233256005,0.014948427150399108,0.03226561518216094,0.6286387491373777,26,15
0.6546849315068494,3899.16,0.9675028922341878,3855.8853887914956,3985.3993406545433,0.050462234738300714,0.01704711885325685,0.03341511588504387,0.5074937013695782,25,15
0.6574246575342466,3928.85,0.9697540753792928,3891.9921940785007,4013.380601217122,0.04671679075897741,0.014337161523947298,0.032379629235030113,0.27613996906686133,25,15
0.6601643835616439,3990.4,0.87631218434218,3603.6437480289924,4112.283056675898,0.19999999999999996,0.15442516020317518,0.04557483979682478,37.6669293583586,41,15
0.6629041095890411,4018.18,0.9663138586284116,3971.8928514905515,4110.354845917523,0.051691627238155805,0.017478084339651593,0.034213542898504215,0.17078000379127328,26,15
0.6711232876712329,3998.71,0.8743936034250119,3599.4504134688464,4116.510458642137,0.2,0.15673817338095294,0.04326182661904707,32.76168590775159,52,15
0.6738630136986301,3982.87,0.873914614884035,3584.8962268573614,4102.1126844675355,0.20000000000000004,0.15622335053704703,0.04377664946295301,33.38714595643513,49,15
0.6766027397260275,3969.31,0.8784321636436206,3577.82414379364,4072.965781390902,0.1915697130931416,0.15346884574176572,0.03810086735137588,21.229558229691722,47,15
0.6793424657534247,3919.78,0.8729574248210893,3535.2073951559646,4049.690505674429,0.20000000000000004,0.1520051642409909,0.04799483575900915,44.59314900371113,47,15
0.682082191780822,3892.52,0.87247922301173,3512.6136336536524,4026.014076906479,0.2000000000000001,0.1505630533705285,0.049436946629471595,53.61919323104864,47,15
0.6903013698630137,3894.2,0.8710461887494158,3495.5446062616484,4013.0416175522164,0.2,0.1564520707514755,0.04354792924852452,32.950149372793284,50,15
0.693041095890411,3808.19,0.8705690339058323,3410.6734437456694,3917.7518506988326,0.20000000000000007,0.15907317569611748,0.040926824303882586,34.43959790425261,47,15
0.6957808219178082,3853.39,0.8700921404453393,3447.471352768205,3962.1911203607533,0.2000000000000001,0.15998178702253926,0.04001821297746083,31.44152758668185,45,15
0.6985205479452055,3990.4,0.9669067730341798,3951.244021422535,4086.4787915627307,0.04817781913491211,0.0141169863522739,0.03406083278263821,0.5249670168174556,25,15
0.7094794520547945,3998.71,0.9665816276783636,3959.2414402344107,4096.127349062209,0.0479076974169704,0.013981176841588542,0.03392652057538186,0.16933879961695153,24,15
0.7122191780821917,3982.87,0.9665091843274861,3943.5954449030737,4080.2462189193743,0.047828644271841914,0.013913986873400367,0.033914657398441544,0.461742146580743,23,15
0.714958904109589,3969.31,0.9665864876027634,3929.357639689728,4065.1899132533395,0.04753349986912611,0.014149504185289917,0.033383995683836196,0.5394218522228473,25,15
0.7176986301369862,4077.16,0.8662863853869879,3547.8449971217765,4095.4643371624516,0.19999999999999996,0.19375861353572207,0.006241386464277882,69.29642233295252,48,15
0.7204383561643835,3955.35,0.8658118379404153,3516.5630965399705,4061.5789048404977,0.20000000000000007,0.16321309418608718,0.03678690581391289,57.03561600587943,49,15
0.7286575342465753,4070.02,0.8643897547597947,3532.6692504115413,4086.8939398677103,0.19999999999999993,0.19432196883136724,0.005678031168632691,77.98251712867038,50,15
0.7313972602739726,4060.18,0.863916246278207,3548.07702891935,4106.968753284405,0.20000000000000004,0.1843342054981997,0.015665794501800334,92.8596538075776,42,15
0.7341369863013698,4016.22,0.8634429971822505,3516.9282776320492,4073.1447114738908,0.19999999999999993,0.18082892431775707,0.019171075682242855,63.0499084445415,48,15
0.7368767123287671,4016.84,0.9623835902766064,3966.703504735056,4121.748900139656,0.052033351930261075,0.017045084123362208,0.03498826780689887,0.5240489738295426,26,15
0.7396164383561643,4019.36,0.9637950371081212,3973.7476787733303,4123.021519903868,0.04985911909628639,0.015431021110454782,0.03442809798583161,0.2823552128163694,26,15
0.747835616438356,3971.98,0.9681601560692317,3942.016981832488,4071.6579350230977,0.04326853949581282,0.01012547960115955,0.03314305989465327,0.5372795805583671,26,15
0.7505753424657534,3899.16,0.965731031901307,3863.0793378931203,4000.1607179253488,0.04645758587010168,0.012385863784983759,0.034071722085117925,0.46412839610797396,25,15
0.7533150684931507,3928.85,0.9647377561678706,3886.4241720424193,4028.4773216299377,0.04765465519436431,0.014412645854613586,0.03324200933975073,0.21518623987232843,25,15
0.7560547945205479,3990.4,0.9641627968902178,3948.588185602774,4095.354226836416,0.04827047252655985,0.013932036306782034,0.03433843621977782,0.24151583465761697,25,15
0.7670136986301369,3998.71,0.9617392876680099,3948.161003472406,4105.230028655439,0.05086203265504384,0.01658628440041149,0.03427574825463235,0.12490425439946416,26,15
0.7697534246575342,3982.87,0.9615712136546914,3931.9752800950314,4089.115007042045,0.05090805740804602,0.016707622373513534,0.03420043503453249,0.31345246329709464,25,15
0.7724931506849314,3969.31,0.9600262945415933,3911.421218099892,4074.285506906425,0.05280901806274246,0.019018272473576108,0.03379074558916635,0.33426063982848025,25,15
0.7752328767123287,3919.78,0.9595026223881866,3861.35188887752,4024.3265612622063,0.05332620906842502,0.019372472182264313,0.03395373688616071,0.2409923476411447,25,15
0.777972602739726,3892.52,0.9603915952190017,3839.557768530438,3997.908548600833,0.0519480581511817,0.01760931841061182,0.034338739740569876,0.16257929901876242,25,15
0.7861917808219178,3894.2,0.9698963268682937,3879.0815853446766,3999.480643328009,0.038878672430280335,0.004947706127393863,0.03393096630288647,0.5554605089103459,25,15
0.788931506849315,3808.19,0.9616636197903864,3761.4740398082504,3911.4238725471782,0.0495487335751947,0.015645335613984446,0.03390339796121025,0.3549203024075862,25,15
0.7916712328767123,3853.39,0.9600921496185144,3796.980406769156,3954.8083048880867,0.051443084262368335,0.018627883253528935,0.032815201008839404,0.6490177968042598,24,15
0.7945205479452054,4077.16,0.9622846470201479,4029.3765341310846,4187.302111291732,0.04838764876452062,0.014837891632511205,0.03354975713200942,0.37631670683244545,26,15
0.7972602739726027,4018.18,0.9621167304288765,3972.711437837921,4129.13663404131,0.04844025914286514,0.014274159608476868,0.034166099534388275,0.4195232433402719,26,15
0.8054794520547945,4070.02,0.9627209582922077,4026.3190088625893,4182.22847875356,0.04716653170099588,0.013402393030992735,0.03376413867000314,0.3295812580575075,26,15
0.8082191780821918,4060.18,0.9616424061112042,4010.8528843381882,4170.836122501833,0.04839357652100893,0.015123867229682661,0.03326970929132627,0.43146362207983646,26,15
0.810958904109589,4016.22,0.9643298630880448,3979.194073231061,4126.382709427463,0.04478878164072992,0.011420871131674342,0.033367910509055576,0.617841342927816,26,15
0.8136986301369863,4016.84,0.9603093567842628,3967.170941087132,4131.138484760565,0.04977248121145715,0.015291032858062702,0.03448144835339445,0.411776756773054,26,15
0.8164383561643835,4019.36,0.960143457172461,3967.9380324636177,4132.65122292126,0.04981707537715198,0.015771078609027305,0.03404599676812467,0.30022168214166534,26,15
0.8246575342465754,3971.98,0.9625743087138948,3928.211229002552,4080.943355169197,0.04625436664023136,0.01343654330757424,0.03281782333265712,0.5461707463801682,26,15
0.8273972602739726,3899.16,0.9623238123486515,3858.6707062465616,4009.742517780033,0.046415770906541,0.012615944332145962,0.03379982657439504,0.3477422027051681,25,15
0.8301369863013699,3928.85,0.9609098598767377,3879.6281616888314,4037.45275564817,0.04803384661132993,0.015187189555173466,0.03284665705615646,0.18307537171648647,25,15
0.8328767123287671,3990.4,0.9592870947902035,3937.8492682273486,4104.974714674503,0.04990520129763816,0.015916849453958343,0.03398835184367982,0.22593983672134194,25,15
0.8438356164383561,3998.71,0.9586885530529724,3945.177081703748,4115.181170297918,0.04999672711201876,0.015972267491138125,0.03402445962088063,0.1700238585686858,26,15
0.8465753424657534,3982.87,0.958643450820847,3929.1787799077033,4098.686301505851,0.04989049856650279,0.01603191361885407,0.03385858494764872,0.2622163717372661,25,15
0.8493150684931506,3969.31,0.9586307186079994,3914.838165870329,4083.781262043172,0.04974519946090258,0.01626991552811733,0.033475283932785246,0.3690820280151876,25,15
0.852054794520548,3919.78,0.9578145894228017,3863.7277419461257,4033.8994463161034,0.05058484412530645,0.016903931721439197,0.03368091240386725,0.17773118920579245,25,15
0.8547945205479452,3892.52,0.9582394475545286,3839.7524279375184,4007.0907514157802,0.049903907853543795,0.015967428242482797,0.033936479611061,0.13942786610295746,25,15
0.863013698630137,3894.2,0.9597178594949177,3847.4624970500126,4008.951650722498,0.047642272817891435,0.013991003144654849,0.03365126967323659,0.6185344470400166,25,15
0.8657534246575342,3808.19,0.9581013711455347,3756.5705186673486,3920.8487032806142,0.049438662323816475,0.01576380198304756,0.033674860340768914,0.30751729464017946,25,15
0.8684931506849315,3853.39,0.9571233904639069,3794.3354459114785,3964.311690337446,0.05045861461538293,0.01778252124551408,0.03267609336986885,0.7645607195886178,24,15
0.8712328767123287,4077.16,0.9599037580822437,4028.956385255617,4197.2503507069505,0.04697050884708223,0.013651099470969827,0.033319409376112406,0.20655931463508667,26,15
0.873972602739726,4018.18,0.9558716992859561,3956.6467563210326,4139.307356077892,0.05163958293828173,0.017657505404795593,0.033982077533486144,0.29344576374949255,26,15
0.8821917808219178,4070.02,0.9571460429672799,4012.334502262942,4191.977318136501,0.04964826825959315,0.01618091632011925,0.033467351939473894,0.427542182796338,26,15
0.8849315068493151,4060.18,0.9571160302151314,4001.288873120591,4180.56823499364,0.049529992824740354,0.016510633867458838,0.03301935895728152,0.39845261824005795,26,15
0.8876712328767123,4016.22,0.9574171580198789,3959.3716503584446,4135.471792198899,0.04902274524385631,0.016059800873459675,0.03296294437039664,0.3318183212166401,26,15
0.8904109589041096,4016.84,0.9575389702578933,3965.4039222578895,4141.245469299166,0.048729025977754054,0.014473993040360955,0.0342550329373931,0.29217487490668403,26,15
0.8931506849315068,4019.36,0.9569258626423313,3964.114398324373,4142.551218522175,0.04929667499130885,0.01549594132746548,0.033800733663843376,0.26764540684843974,26,15
0.9013698630136986,3971.98,0.9591169074664381,3923.415963687853,4090.654573123708,0.04630985308644504,0.013648134670562678,0.03266171841588236,0.535204476541256,26,15
0.9041095890410958,3899.16,0.9562224386728804,3843.0017730217437,4018.941218693173,0.04951248952807805,0.016046033081490694,0.033466456446587356,0.41854519684083114,25,15
0.9068493150684932,3928.85,0.9572826895443218,3874.030038249695,4046.9028433949643,0.04814089733524306,0.015494794116959176,0.03264610321828388,0.1650018911568957,25,15
0.9095890410958904,3990.4,0.833669858410169,3447.437941966273,4135.255589713451,0.19999999999999996,0.16079805302407782,0.039201946975922136,33.20832754628217,39,15
0.9123287671232877,4018.18,0.9538237354869497,3955.876448459661,4147.38730153333,0.05181946459316238,0.01712856430454898,0.03469090028861341,0.25677056384314456,26,15
0.9205479452054794,3998.71,0.8318446377751684,3445.932184054791,4142.518960356826,0.19999999999999998,0.1616182531078664,0.038381746892133584,27.931197493539287,52,15
0.9232876712328767,3982.87,0.8313889573495491,3433.8745127825523,4130.286410983463,0.20000000000000007,0.16063622459728302,0.039363775402717044,31.363422539751774,49,15
0.9260273972602739,3969.31,0.9102963227348967,3731.2809130582864,4098.97394932676,0.10149278884840357,0.06678063005352673,0.03471215879487684,14.887920200822363,39,15
0.9287671232876712,3919.78,0.8304783452200983,3386.030967902788,4077.2056097445884,0.19999999999999996,0.15760366250373664,0.042396337496263314,40.57501320158064,49,15
0.9315068493150684,3892.52,0.8300234132428609,3351.6201607090507,4037.982672819354,0.19999999999999996,0.16061385262044636,0.03938614737955359,42.46724214343143,49,15
0.9397260273972603,3894.2,0.8286601120222379,3348.1640118650416,4040.4551435380185,0.2,0.1607661412531076,0.03923385874689242,32.56226936787797,44,15
0.9424657534246575,3808.19,0.8282061760642567,3265.1533800501657,3942.4402696036373,0.20000000000000004,0.16323911125033808,0.03676088874966196,28.693013791568386,43,15
0.9452054794520548,3853.39,0.827752488770174,3310.604506236885,3999.5101810634073,0.20000000000000004,0.16062378038817432,0.03937621961182572,32.416384861012745,48,15
0.947945205479452,3990.4,0.9549705813627385,3936.3764919685514,4121.987178234706,0.04860485982241308,0.014379363239549034,0.03422549658286405,0.25844458852065927,25,15
0.958904109589041,3998.71,0.9543095808213246,3944.0187164205954,4132.850382814122,0.04877145849008567,0.014361839412293407,0.03440961907779226,0.47780897901021363,20,15
0.9616438356164384,3982.87,0.9542685609531886,3927.5249907049815,4115.743881137509,0.048677207697545806,0.01455134458406475,0.03412586311348106,0.21864254426828672,22,15
0.9643835616438357,3969.31,0.9554896311339975,3918.927523039729,4101.486186081008,0.0472129233028781,0.013246027065286914,0.033966896237591186,0.3267779639959572,25,15
0.9671232876712329,4077.16,0.8241319259874924,3423.7164339032847,4154.330545805412,0.20000000000000007,0.18061195732491353,0.019388042675086536,64.51621793955232,45,15
0.9698630136986301,4018.18,0.8236804705476825,3388.240221655773,4113.537157683077,0.20000000000000004,0.17581697975419258,0.024183020245807457,50.00613936510048,49,15
0.9780821917808219,4070.02,0.8223275875169331,3399.723858791683,4134.269493569285,0.19999999999999998,0.18398627910645024,0.016013720893549743,74.41398769924604,46,15
0.9808219178082191,4060.18,0.8218771204849158,3414.77646700467,4154.850380784316,0.19999999999999998,0.17650020845157413,0.023499791548425852,76.34544239435746,41,15
0.9835616438356164,4016.22,0.8214269002165362,3375.762914916806,4109.63277928556,0.19999999999999998,0.17662320934406173,0.023376790655938257,58.89098077388755,48,15
0.9863013698630136,4016.84,0.9520639111273159,3958.927833739019,4158.258481882112,0.04980537836407232,0.014723982706231454,0.035081395657840866,0.3752130231636288,26,15
0.989041095890411,4019.36,0.9522086650785516,3960.421089327732,4159.19454902358,0.04951369807090326,0.014936013008903825,0.03457768506199943,0.43700783734052095,26,15
0.9972602739726028,3971.98,0.9518436511126844,3909.6427880531005,4107.442208058869,0.049490078960243884,0.015862157619971062,0.03362792134027282,0.5351737236156527,26,15
1.0,3899.16,0.9525988807470686,3843.9284934713114,4035.2015640168916,0.048561365561407874,0.014266256501237277,0.034295109060170595,0.41340348419386974,25,15
1.0027397260273974,3928.85,0.953535165403366,3873.211298529196,4061.94909119135,0.047448977085097016,0.014223836922468387,0.03322514016262863,0.2760658961173395,25,15
1.0054794520547945,3990.4,0.9510215680823377,3928.5468948382513,4130.870452033875,0.04994486681925723,0.015536733072173917,0.03440813374708331,0.2162313429220398,25,15
1.0164383561643835,3998.71,0.9496883726453135,3932.916834498573,4141.270913471977,0.050786529927863554,0.01632215209354368,0.034464377834319875,0.41077852240524493,26,15
1.0191780821917809,3982.87,0.9502580637009118,3918.563880526665,4123.683902523568,0.05006159980006755,0.01597113945834393,0.034090460341723625,0.3090056546928336,25,15
1.021917808219178,3969.31,0.952606578076218,3915.313130190886,4110.10507411972,0.04751192792308873,0.01340319891064841,0.034108729012440324,0.4125397880188302,25,15
1.0246575342465754,3919.78,0.9535651532856559,3871.336126758538,4059.8548651020346,0.046403333821818264,0.012136571990784644,0.034266761831033624,0.3796103070957866,25,15
1.0273972602739727,3892.52,0.9507112696886518,3833.2943480915933,4032.0278830258926,0.04919700640273248,0.014923327913561078,0.0342736784891714,0.13451623852692904,25,15
1.0356164383561643,3894.2,0.9538909814199233,3846.7226883638277,4032.664909608174,0.045582406339420276,0.011844859003614469,0.033737547335805806,0.7773732188043737,25,15
1.0383561643835617,3808.19,0.9486298618337856,3744.074312989091,3946.823164254458,0.05078853281981987,0.016352388757980733,0.03443614406183913,0.2073956577393418,25,15
1.0410958904109588,3853.39,0.951532038694702,3796.480034941613,3989.860436175717,0.047720792574998366,0.014291622545467902,0.03342917002953046,1.2247403633565104,24,15
1.0438356164383562,4077.16,0.950549117319161,4014.3910440549157,4223.233677157815,0.04858566075575385,0.014863453299155427,0.03372220745659842,0.2966474993082169,26,15
1.0465753424657533,4018.18,0.9516225627916737,3962.569289567266,4164.01359583436,0.04738004847680584,0.013316230427346287,0.03406381804945955,0.37523661739142844,26,15
1.0547945205479452,4070.02,0.9531587179562985,4020.5736228012893,4218.157529337763,0.045481695876385876,0.011588350639617497,0.03389334523676838,0.3638654848387134,25,15
1.0575342465753426,4060.18,0.9525769144249896,4007.264208481318,4206.761834975026,0.04594123107241347,0.012404838365660602,0.03353639270675287,0.45097453493997375,26,15
1.0602739726027397,4016.22,0.9528724293089322,3965.7549420470664,4161.894940042727,0.04552997409241267,0.0119260904298267,0.033603883662585966,0.5705770537702486,26,15
1.063013698630137,4016.84,0.9518454880137054,3966.5336848535753,4167.203327433814,0.04642702152705982,0.011855856439201925,0.034571165087857895,0.8426875489928816,25,15
1.0657534246575342,4019.36,0.9509639733844577,3964.5207691722267,4168.9494871846655,0.047177047586751016,0.01289013307844422,0.034286914508306794,0.7182329890628579,26,15
1.073972602739726,3971.98,0.9507638071174263,3914.518715774844,4117.235728233156,0.04701200925201124,0.013568616546971923,0.033443392705039314,0.826095234745361,25,15
1.0767123287671232,3899.16,0.9483968205874209,3834.5756517730715,4043.2185858636685,0.04920745846144152,0.015512377453676908,0.03369508100776461,0.22202716366066588,25,15
1.1204383561643836,4077.16,0.9482425588758223,4012.1671822247517,4231.161262136693,0.04743227984763361,0.01434182232799007,0.03309045751964354,0.1248290318484127,26,15
1.1231780821917807,4018.18,0.9481983493696311,3956.2454301866114,4172.381688722356,0.047358090549499264,0.013830052616063864,0.0335280379334354,0.38269192403623525,26,15
1.1313972602739726,4070.02,0.9507984700065136,4018.1099182908106,4226.0374254317885,0.04459366699327962,0.01134552063267357,0.03324814636060605,0.35838872907626323,26,15
1.1341369863013697,4060.18,0.9477397904319901,3993.60306306619,4213.818078953784,0.04732699640287657,0.014578010469267334,0.03274898593360923,0.3732185846631952,26,15
1.136876712328767,4016.22,0.9498405674125601,3959.4524723955133,4168.544288628745,0.045265358758537974,0.012521507785982235,0.032743850972555735,0.45624978190937027,26,15
1.1396164383561642,4016.84,0.9473154908864612,3954.460086195811,4174.385539178063,0.047492377031811264,0.01373395966674433,0.033758417365066934,0.46453235157507794,26,15
1.1423561643835616,4019.36,0.9469087684183508,3954.4448424411125,4176.162450207676,0.04775439534978209,0.014253403319300608,0.033500992030481486,0.5045001820430429,26,15
1.1505753424657534,3971.98,0.9489102118327789,3912.9685062311014,4123.644637223761,0.04557815239574084,0.013009505481486348,0.03256864691425449,0.4479223253149979,26,15
1.1533150684931506,3899.16,0.9464745384231749,3832.542327343535,4049.2820163219017,0.04769833583668867,0.0149419441164908,0.03275639172019787,0.1444655427580991,25,15
1.156054794520548,3928.85,0.947853135676673,3864.783459335131,4077.4074736547236,0.04632627203711551,0.014221737453531178,0.03210453458358433,0.33332907731089045,25,15
1.158794520547945,3990.4,0.943785294248577,3914.1648427307455,4147.304335619178,0.049928248893980766,0.016646171425515034,0.03328207746846573,0.2695905779571676,25,15
1.1697534246575343,3998.71,0.9448390797433694,3928.7367400057665,4158.101442070815,0.04850650639570745,0.015091962739627082,0.03341454365608037,0.6681128572336694,26,15
1.1724931506849314,3982.87,0.9464252375608515,3918.4134285554715,4140.224999339721,0.04696257691081525,0.013915501921856564,0.03304707498895869,0.23734507947473515,25,15
1.1752328767123288,3969.31,0.9456909809487318,3902.5054768040836,4126.6180553916565,0.04751349542533018,0.014442668842763115,0.03307082658256706,0.28085605829843047,25,15
1.177972602739726,3919.78,0.9446059610941354,3850.719508029166,4076.535260870982,0.048377535012419266,0.015089921188248572,0.0332876138241707,0.24315868991685874,25,15
1.1807123287671233,3892.52,0.9447038068995466,3824.66698298886,4048.535588674249,0.048177554417638865,0.0148938586927904,0.03328369572484846,0.16394378170642368,25,15
1.188931506849315,3894.2,0.9413296488830788,3812.7054841272784,4050.340376138359,0.05085396658470961,0.017788433244828962,0.033065533339880646,0.8157845118013117,25,15
1.1916712328767123,3808.19,0.9430831126926512,3738.51194837686,3964.13836496639,0.049175361579786116,0.01549618103147697,0.033679180548309144,0.18407102200469522,25,15
1.1944109589041096,3853.39,0.9473996940722371,3796.119411401146,4006.882665418826,0.04523921268698082,0.012536675773159901,0.03270253691382092,0.6974143302776069,24,15
1.388931506849315,4077.16,0.9382229672826219,3999.1435434390846,4262.466047939347,0.04591130154127296,0.013910292523707948,0.03200100901756501,0.2585956591228975,25,15
1.3916712328767122,4018.18,0.9377720308536363,3943.2358061786936,4204.898073777313,0.046166361325848365,0.01352863125737887,0.0326377300684695,0.25337129515868473,26,15
1.399890410958904,4070.02,0.9366908705305853,3988.602453821438,4258.184401393928,0.04671934654327799,0.014434705705286807,0.03228464083799118,0.5471725392932167,25,15
1.4026301369863012,4060.18,0.9384671219101186,3984.4953923376843,4245.748518315486,0.04527740741413206,0.013415247292698907,0.031862160121433156,0.44456703638891676,25,15
1.4053698630136988,4016.22,0.9410099937239359,3950.7518163966706,4198.41642782351,0.04326371351081657,0.011694620847588126,0.031569092663228444,0.3674764750199917,26,15
1.408109589041096,4016.84,0.9347833374045633,3930.9777330642282,4205.228715328445,0.04789435550445671,0.015344929155054487,0.03254942634940222,0.5859836973750205,26,15
1.4108493150684933,4019.36,0.9378421259385801,3945.641134498626,4207.148543844605,0.045485830903429024,0.013120626302925284,0.03236520460050374,0.4624380100086288,26,15
1.419068493150685,3971.98,0.9382421528678401,3896.6314757130313,4153.119174834076,0.044921865923387753,0.01349635713931959,0.03142550878406816,0.28726775143623945,26,15
1.4218082191780823,3899.16,0.9394189829836322,3830.566561687942,4077.5911825008147,0.043953676162919036,0.012482995594037927,0.03147068056888111,0.24876270106941892,25,15
1.4245479452054794,3928.85,0.9388685816302891,3854.5349969473195,4105.510688465206,0.04428054910063225,0.013405225060146977,0.03087532404048527,0.2822887831241079,25,15
1.4272876712328768,3990.4,0.9323044990358184,3894.890993378563,4177.702668394958,0.04911119416612317,0.01697330142786538,0.03213789273825779,0.5048001720930458,25,15
1.4382465753424658,3998.71,0.9346852351472087,3916.2133044037573,4189.873935247272,0.0469637504661094,0.014494465905801581,0.032469284560307815,0.16028743068116938,26,15
1.4409863013698632,3982.87,0.9370189598744597,3907.3245916040973,4169.952539837182,0.04514391443463681,0.013289351059550833,0.03185456337508598,0.27553139543180427,25,15
1.4437260273972603,3969.31,0.9329963684503327,3878.9952551545293,4157.567367167115,0.048038179794812876,0.01594215965272661,0.03209602014208626,0.23097880828307324,25,15
1.4464657534246577,3919.78,0.9332740469587516,3833.66585038881,4107.760054917983,0.047741465331362365,0.015357462288406409,0.03238400304295595,0.12396604400487592,25,15
1.4492054794520548,3892.52,0.9338075588641109,3809.191280264824,4079.2037332599307,0.047256860889284366,0.014932222445768634,0.032324638443515734,0.3102221144002507,25,15
1.4574246575342467,3894.2,0.9385193948056961,3830.513517840224,4081.443110329397,0.043536904012027505,0.011314063230737007,0.0322228407812905,0.8313704468200636,25,15
1.460164383561644,3808.19,0.9292221216681041,3714.06916150279,3996.965929777301,0.05027342946894032,0.017139115520110538,0.03313431394882978,0.48161080306410914,25,15
1.4629041095890412,3853.39,0.9332962697359409,3769.1939712394073,4038.5824881801273,0.04718872742250533,0.01510153832811252,0.03208718909439281,0.9234444169235794,24,15
